id,expiry
6277490150,2025-05-26 08:45:58
5851767478,2027-05-17 17:37:19
7201877387,2025-07-17 01:37:35
7850247585,2025-05-21 18:09:14
7768504636,2025-05-20 13:40:40
6519096590,2025-05-20 13:47:45
5493506629,2025-05-20 13:48:43
6462664304,2025-05-20 14:18:39
6829807221,2025-05-20 14:29:38
6508106202,2025-05-20 15:29:36
6536827503,2025-05-20 15:33:27
6349717496,2025-05-21 13:13:06
6994426571,2025-05-20 16:59:27
7893947988,2025-05-20 16:12:14
6369799955,2025-05-20 19:24:20
7252687777,2025-05-20 18:34:52
7032304499,2025-05-20 18:02:32
5726881822,2025-05-20 19:24:47
5741196148,2025-05-20 19:29:32
7325552772,2025-05-20 19:31:56
7256706270,2025-05-20 19:32:28
7281810110,2025-05-20 18:58:02
6580972957,2025-05-20 17:58:10
7545156032,2025-05-20 21:23:22
7052777967,2025-05-20 18:51:06
5575832738,2025-05-20 21:18:48
5755653351,2025-05-20 20:33:36
7421746335,2025-05-20 20:43:05
8017993273,2025-05-20 20:46:45
1803553665,2025-05-20 20:48:51
all,2025-05-19 21:16:13